Facility ID,Facility Name,Address,City,State,ZIP Code,County Name,Phone Number,HCAHPS Measure ID,HCAHPS Question,HCAHPS Answer Description,Patient Survey Star Rating,Patient Survey Star Rating Footnote,HCAHPS Answer Percent,HCAHPS Answer Percent Footnote,HCAHPS Linear Mean Value,Number of Completed Surveys,Number of Completed Surveys Footnote,Survey Response Rate Percent,Survey Response Rate Percent Footnote,Start Date,End Date,Year,Hospital Type,Hospital Ownership,Emergency Services,Meets criteria for promoting interoperability of EHRs,Hospital overall rating,Hospital overall rating footnote,Mortality national comparison,Mortality national comparison footnote,Safety of care national comparison,Safety of care national comparison footnote,Readmission national comparison,Readmission national comparison footnote,Patient experience national comparison,Patient experience national comparison footnote,Effectiveness of care national comparison,Effectiveness of care national comparison footnote,Timeliness of care national comparison,Timeliness of care national comparison footnote,Efficient use of medical imaging national comparison,Efficient use of medical imaging national comparison footnote
520009,ST ELIZABETH HOSPITAL,1506 S ONEIDA ST,APPLETON,WI,54915,OUTAGAMIE,(920) 738-2000,H_COMP_3_STAR_RATING,Staff responsiveness - star rating,Staff responsiveness - star rating,4,,,,,1650.0,,35.0,,07/01/2018,06/30/2019,2020,Acute Care Hospitals,Voluntary non-profit - Private,Yes,Y,4,,Same as the national average,,Above the national average,,Above the national average,,Above the national average,,Same as the national average,,Above the national average,,Same as the national average,
450831,SURGERY SPECIALTY HOSPITALS OF AMERICA S E HOUSTON,4301 B VISTA,PASADENA,TX,77504,HARRIS,(713) 378-3000,H_CALL_BUTTON_A_P,"Patients who reported that they ""Always"" received help after using the call button as soon as they wanted","Patients ""always"" received call button help as soon as they wanted",Not Applicable,,,1,,48.0,10,49.0,10,07/01/2018,06/30/2019,2020,Acute Care Hospitals,Proprietary,Yes,,Not Available,16.0,Not Available,16.0,Not Available,5.0,Not Available,16.0,Not Available,16.0,Not Available,5.0,Same as the national average,,Not Available,16.0
050523,SUTTER DELTA MEDICAL CENTER,3901 LONE TREE WAY,ANTIOCH,CA,94509,CONTRA COSTA,(925) 779-7200,H_NURSE_RESPECT_SN_P,"Patients who reported that their nurses ""Sometimes"" or ""Never""  treated them with courtesy and respect","Nurses ""sometimes"" or ""never"" treated them with courtesy and  respect",Not Applicable,,5.0,,,712.0,,15.0,,07/01/2018,06/30/2019,2020,Acute Care Hospitals,Voluntary non-profit - Private,Yes,Y,3,,Same as the national average,,Above the national average,,Below the national average,,Below the national average,,Same as the national average,,Below the national average,,Same as the national average,
361315,HARDIN MEMORIAL HOSPITAL,921 EAST FRANKLIN STREET,KENTON,OH,43326,HARDIN,(419) 673-0761,H_DOCTOR_LISTEN_U_P,"Patients who reported that their doctors ""Usually"" listened carefully to them","Doctors ""usually"" listened carefully",Not Applicable,,12.0,6,,69.0,6,21.0,6,07/01/2018,06/30/2019,2020,Critical Access Hospitals,Voluntary non-profit - Private,Yes,Y,4,,Same as the national average,,Not Available,5.0,Above the national average,,Not Available,16.0,Not Available,5.0,Not Available,5.0,Same as the national average,
241302,SANFORD WESTBROOK MEDICAL CENTER,920 BELL AVENUE PO BOX 188,WESTBROOK,MN,56183,COTTONWOOD,(507) 274-1119,H_COMP_7_LINEAR_SCORE,Care transition - linear mean score,Care transition - linear mean score,Not Applicable,,,,,,1.0,,1.0,07/01/2018,06/30/2019,2020,Critical Access Hospitals,Voluntary non-profit - Private,Yes,Y,Not Available,16.0,Not Available,16.0,Not Available,16.0,Not Available,5.0,Not Available,16.0,Not Available,5.0,Above the national average,,Not Available,16.0
123300,KAPIOLANI MEDICAL CENTER FOR WOMEN & CHILDREN,1319 PUNAHOU STREET,HONOLULU,HI,96826,HONOLULU,(808) 983-6000,H_SYMPTOMS_Y_P,"Patients who reported that YES, they did receive written information about possible symptoms to look out for after discharge","Yes, staff ""did"" give patients information about possible symptoms",Not Applicable,,,19,,,19,,19,07/01/2018,06/30/2019,2020,Childrens,Voluntary non-profit - Private,Yes,,Not Available,19.0,Not Available,19.0,Not Available,19.0,Not Available,19.0,Not Available,19.0,Not Available,19.0,Not Available,19.0,Not Available,19.0
151308,ST VINCENT MERCY HOSPITAL,1331 S A ST,ELWOOD,IN,46036,MADISON,(765) 552-4743,H_RECMND_LINEAR_SCORE,Recommend hospital - linear mean score,Recommend hospital - linear mean score,Not Applicable,,,,,30.0,10,19.0,10,07/01/2018,06/30/2019,2020,Critical Access Hospitals,Voluntary non-profit - Church,Yes,Y,4,,Same as the national average,,Not Available,16.0,Above the national average,,Not Available,16.0,Same as the national average,,Same as the national average,,Same as the national average,
140158,MERCY HOSPITAL AND MEDICAL CENTER,2525 S MICHIGAN AVE,CHICAGO,IL,60616,COOK,(312) 567-2000,H_COMP_6_STAR_RATING,Discharge information - star rating,Discharge information - star rating,2,,,,,700.0,,12.0,,07/01/2018,06/30/2019,2020,Acute Care Hospitals,Voluntary non-profit - Private,Yes,Y,1,,Above the national average,,Below the national average,,Below the national average,,Below the national average,,Below the national average,,Below the national average,,Same as the national average,
140125,GATEWAY REGIONAL MEDICAL CENTER,2100 MADISON AVENUE,GRANITE CITY,IL,62040,MADISON,(618) 798-3000,H_RECMND_DY,"Patients who reported YES, they would definitely recommend the hospital","""YES"", patients would definitely recommend the hospital",Not Applicable,,49.0,,,347.0,,20.0,,07/01/2018,06/30/2019,2020,Acute Care Hospitals,Voluntary non-profit - Other,Yes,Y,1,,Same as the national average,,Same as the national average,,Below the national average,,Below the national average,,Same as the national average,,Same as the national average,,Same as the national average,
340069,"WAKEMED, RALEIGH CAMPUS",3000 NEW BERN AVE,RALEIGH,NC,27610,WAKE,(919) 350-8000,H_COMP_1_A_P,"Patients who reported that their nurses ""Always"" communicated well","Nurses ""always"" communicated well",Not Applicable,,80.0,,,3313.0,,29.0,,07/01/2018,06/30/2019,2020,Acute Care Hospitals,Voluntary non-profit - Private,Yes,Y,3,,Below the national average,,Below the national average,,Above the national average,,Above the national average,,Same as the national average,,Below the national average,,Same as the national average,
230239,CHIPPEWA COUNTY WAR MEMORIAL HOSPITAL,500 OSBORN BLVD,SAULT SAINTE MARIE,MI,49783,CHIPPEWA,(906) 635-4460,H_MED_FOR_SN_P,"Patients who reported that when receiving new medication the staff ""Sometimes"" or ""Never"" communicated what the medication was for","Staff ""sometimes"" or ""never"" explained new medications",Not Applicable,,3.0,,,463.0,,31.0,,07/01/2018,06/30/2019,2020,Acute Care Hospitals,Voluntary non-profit - Private,Yes,Y,3,,Same as the national average,,Same as the national average,,Same as the national average,,Above the national average,,Same as the national average,,Same as the national average,,Below the national average,
161360,ORANGE CITY AREA HEALTH SYSTEM,1000 LINCOLN CIRCLE SE,ORANGE CITY,IA,51041,SIOUX,(712) 737-4984,H_COMP_7_LINEAR_SCORE,Care transition - linear mean score,Care transition - linear mean score,Not Applicable,,,,87.0,280.0,,41.0,,07/01/2018,06/30/2019,2020,Critical Access Hospitals,Voluntary non-profit - Other,Yes,Y,4,,Same as the national average,,Not Available,5.0,Same as the national average,,Above the national average,,Not Available,16.0,Not Available,5.0,Not Available,5.0
451329,RANKIN HOSPITAL MEDICAL CLINIC,1611 SPUR 576,RANKIN,TX,79778,UPTON,(432) 693-2443,H_NURSE_LISTEN_A_P,"Patients who reported that their nurses ""Always"" listened carefully to them","Nurses ""always"" listened carefully",Not Applicable,,,5,,,5,,5,07/01/2018,06/30/2019,2020,Critical Access Hospitals,Government - Hospital District or Authority,No,Y,Not Available,16.0,Not Available,16.0,Not Available,16.0,Not Available,16.0,Not Available,16.0,Not Available,16.0,Not Available,5.0,Not Available,16.0
050570,FOUNTAIN VALLEY REGIONAL HOSPITAL & MEDICAL CENTER,17100 EUCLID STREET,FOUNTAIN VALLEY,CA,92708,ORANGE,(714) 966-7200,H_HSP_RATING_LINEAR_SCORE,Overall hospital rating - linear mean score,Overall hospital rating - linear mean score,Not Applicable,,,,84.0,977.0,,17.0,,07/01/2018,06/30/2019,2020,Acute Care Hospitals,Proprietary,Yes,Y,3,,Above the national average,,Above the national average,,Below the national average,,Below the national average,,Same as the national average,,Same as the national average,,Same as the national average,
050248,NATIVIDAD MEDICAL CENTER,1441 CONSTITUTION BOULEVARD,SALINAS,CA,93906,MONTEREY,(831) 755-4195,H_CLEAN_STAR_RATING,Cleanliness - star rating,Cleanliness - star rating,3,,,,,751.0,,40.0,,07/01/2018,06/30/2019,2020,Acute Care Hospitals,Government - Hospital District or Authority,Yes,Y,3,,Same as the national average,,Above the national average,,Same as the national average,,Below the national average,,Same as the national average,,Same as the national average,,Same as the national average,
440131,BAPTIST MEMORIAL HOSPITAL TIPTON,1995 HIGHWAY 51 S,COVINGTON,TN,38019,TIPTON,(901) 476-2621,H_COMP_7_D_SD,"Patients who ""Disagree"" or ""Strongly Disagree"" they understood their care when they left the hospital","Patients who ""Disagree"" or ""Strongly Disagree"" they understood their care when they left the hospital",Not Applicable,,2.0,6.0,,90.0,6.0,9.0,6.0,07/01/2018,06/30/2019,2020,Acute Care Hospitals,Voluntary non-profit - Church,Yes,Y,4,,Same as the national average,,Not Available,5.0,Same as the national average,,Not Available,16.0,Same as the national average,,Above the national average,,Not Available,5.0
420066,LAKE CITY COMMUNITY HOSPITAL,258 N RON MCNAIR BLVD,LAKE CITY,SC,29560,FLORENCE,(843) 374-2036,H_COMP_2_SN_P,"Patients who reported that their doctors ""Sometimes"" or ""Never"" communicated well","Doctors ""sometimes"" or ""never"" communicated well",Not Applicable,,3.0,6.0,,56.0,6.0,13.0,6.0,07/01/2018,06/30/2019,2020,Acute Care Hospitals,Voluntary non-profit - Private,Yes,,3,,Same as the national average,,Not Available,5.0,Same as the national average,,Not Available,16.0,Not Available,5.0,Same as the national average,,Same as the national average,
370203,"COMMUNITY HOSPITAL, LLC",3100 SOUTHWEST 89TH STREET,OKLAHOMA CITY,OK,73159,OKLAHOMA,(405) 602-8100,H_SIDE_EFFECTS_U_P,"Patients who reported that when receiving new medication the staff ""Usually"" discussed possible side effects","Staff ""usually"" explained possible side effects",Not Applicable,,21.0,,,945.0,,43.0,,07/01/2018,06/30/2019,2020,Acute Care Hospitals,Physician,Yes,,5,,Not Available,16.0,Above the national average,,Not Available,5.0,Above the national average,,Same as the national average,,Same as the national average,,Same as the national average,
100296,DOCTORS HOSPITAL,5000 UNIVERSITY DR,CORAL GABLES,FL,33146,MIAMI-DADE,(305) 666-2111,H_NURSE_LISTEN_A_P,"Patients who reported that their nurses ""Always"" listened carefully to them","Nurses ""always"" listened carefully",Not Applicable,,75.0,,,580.0,,22.0,,07/01/2018,06/30/2019,2020,Acute Care Hospitals,Voluntary non-profit - Other,Yes,Y,3,,Above the national average,,Below the national average,,Below the national average,,Same as the national average,,Same as the national average,,Below the national average,,Same as the national average,
251326,JEFFERSON DAVIS GENERAL HOSPITAL,1102 ROSE STREET,PRENTISS,MS,39474,JEFFERSON DAVIS,(601) 792-4276,H_SIDE_EFFECTS_A_P,"Patients who reported that when receiving new medication the staff ""Always"" discussed possible side effects","Staff ""always"" explained possible side effects",Not Applicable,,,1,,,1,,1,07/01/2018,06/30/2019,2020,Critical Access Hospitals,Government - Local,Yes,Y,Not Available,16.0,Not Available,5.0,Not Available,16.0,Not Available,5.0,Not Available,16.0,Not Available,5.0,Above the national average,,Not Available,5.0
450101,BAYLOR SCOTT & WHITE MEDICAL CENTER HILLCREST,100 HILLCREST MEDICAL BLVD,WACO,TX,76712,MC LENNAN,(254) 202-2000,H_QUIET_HSP_SN_P,"Patients who reported that the area around their room was ""Sometimes"" or ""Never"" quiet at night","""Sometimes"" or ""never"" quiet at night",Not Applicable,,6.0,,,1688.0,,18.0,,07/01/2018,06/30/2019,2020,Acute Care Hospitals,Voluntary non-profit - Private,Yes,Y,3,,Below the national average,,Above the national average,,Same as the national average,,Above the national average,,Same as the national average,,Same as the national average,,Same as the national average,
340027,UNC LENOIR HEALTH CARE,100 AIRPORT RD,KINSTON,NC,28501,LENOIR,(252) 522-7000,H_QUIET_STAR_RATING,Quietness - star rating,Quietness - star rating,3,,,,,597.0,,20.0,,07/01/2018,06/30/2019,2020,Acute Care Hospitals,Voluntary non-profit - Private,Yes,Y,2,,Same as the national average,,Above the national average,,Below the national average,,Same as the national average,,Same as the national average,,Below the national average,,Same as the national average,
441307,RIVERVIEW REGIONAL MEDICAL CENTER,158 HOSPITAL DRIVE,CARTHAGE,TN,37030,SMITH,(615) 735-9815,H_DOCTOR_RESPECT_U_P,"Patients who reported that their doctors ""Usually""  treated them with courtesy and respect","Doctors ""usually""  treated them with courtesy and  respect",Not Applicable,,8.0,,,175.0,,27.0,,07/01/2018,06/30/2019,2020,Critical Access Hospitals,Proprietary,Yes,Y,4,,Same as the national average,,Not Available,5.0,Below the national average,,Above the national average,,Same as the national average,,Above the national average,,Not Available,5.0
370049,STILLWATER MEDICAL CENTER,1323 WEST 6TH STREET,STILLWATER,OK,74076,PAYNE,(405) 372-1480,H_NURSE_LISTEN_SN_P,"Patients who reported that their nurses ""Sometimes"" or ""Never"" listened carefully to them","Nurses ""sometimes"" or ""never"" listened carefully",Not Applicable,,6.0,,,380.0,,17.0,,07/01/2018,06/30/2019,2020,Acute Care Hospitals,Voluntary non-profit - Other,Yes,Y,4,,Same as the national average,,Above the national average,,Above the national average,,Above the national average,,Same as the national average,,Above the national average,,Below the national average,
070011,CHARLOTTE HUNGERFORD HOSPITAL,540 LITCHFIELD ST,TORRINGTON,CT,6790,LITCHFIELD,(860) 496-6666,H_RECMND_DN,"Patients who reported NO, they would probably not or definitely not recommend the hospital","""NO"", patients would not recommend the hospital (they probably would not or definitely would not recommend it)",Not Applicable,,9.0,,,620.0,,22.0,,07/01/2018,06/30/2019,2020,Acute Care Hospitals,Voluntary non-profit - Private,Yes,Y,1,,Below the national average,,Below the national average,,Same as the national average,,Below the national average,,Same as the national average,,Below the national average,,Same as the national average,
310009,CLARA MAASS MEDICAL CENTER,ONE CLARA MAASS DRIVE,BELLEVILLE,NJ,7109,ESSEX,(973) 450-2002,H_SIDE_EFFECTS_A_P,"Patients who reported that when receiving new medication the staff ""Always"" discussed possible side effects","Staff ""always"" explained possible side effects",Not Applicable,,48.0,,,717.0,,15.0,,07/01/2018,06/30/2019,2020,Acute Care Hospitals,Voluntary non-profit - Private,Yes,Y,3,,Same as the national average,,Above the national average,,Above the national average,,Below the national average,,Same as the national average,,Below the national average,,Same as the national average,
440148,DEKALB COMMUNITY HOSPITAL,520 W MAIN ST,SMITHVILLE,TN,37166,DE KALB,(615) 215-5000,H_COMP_5_SN_P,"Patients who reported that staff ""Sometimes"" or ""Never"" explained about medicines before giving it to them","Staff ""sometimes"" or ""never"" explained",Not Applicable,,13.0,,,123.0,,39.0,,07/01/2018,06/30/2019,2020,Acute Care Hospitals,Voluntary non-profit - Church,Yes,Y,5,,Same as the national average,,Not Available,5.0,Above the national average,,Above the national average,,Same as the national average,,Above the national average,,Same as the national average,
050546,PORTERVILLE DEVELOPMENTAL CENTER,26501 AVENUE 140,PORTERVILLE,CA,93257,TULARE,(559) 782-2222,H_SYMPTOMS_Y_P,"Patients who reported that YES, they did receive written information about possible symptoms to look out for after discharge","Yes, staff ""did"" give patients information about possible symptoms",Not Applicable,,,19.0,,,19.0,,19.0,07/01/2018,06/30/2019,2020,Acute Care Hospitals,Government - State,No,,Not Available,19.0,Not Available,19.0,Not Available,19.0,Not Available,19.0,Not Available,19.0,Not Available,19.0,Not Available,19.0,Not Available,19.0
453311,SHRINERS HOSPITALS FOR CHILDREN,815 MARKET STREET,GALVESTON,TX,77550,GALVESTON,(409) 770-6600,H_DOCTOR_LISTEN_A_P,"Patients who reported that their doctors ""Always"" listened carefully to them","Doctors ""always"" listened carefully",Not Applicable,,,19,,,19,,19,07/01/2018,06/30/2019,2020,Childrens,Voluntary non-profit - Private,No,,Not Available,19.0,Not Available,19.0,Not Available,19.0,Not Available,19.0,Not Available,19.0,Not Available,19.0,Not Available,19.0,Not Available,19.0
390026,CHESTNUT HILL HOSPITAL,8835 GERMANTOWN AVE,PHILADELPHIA,PA,19118,PHILADELPHIA,(215) 248-8200,H_DOCTOR_RESPECT_SN_P,"Patients who reported that their doctors ""Sometimes"" or ""Never""  treated them with courtesy and respect","Doctors ""sometimes"" or ""never"" treated them with courtesy and  respect",Not Applicable,,2.0,,,463.0,,20.0,,07/01/2018,06/30/2019,2020,Acute Care Hospitals,Proprietary,Yes,Y,3,,Same as the national average,,Above the national average,,Same as the national average,,Below the national average,,Same as the national average,,Same as the national average,,Same as the national average,
050696,KECK HOSPITAL OF USC,1500 SAN PABLO STREET,LOS ANGELES,CA,90033,LOS ANGELES,(323) 442-8656,H_HSP_RATING_STAR_RATING,Overall hospital rating - star rating,Overall hospital rating - star rating,4,,,,,1121.0,,24.0,,07/01/2018,06/30/2019,2020,Acute Care Hospitals,Voluntary non-profit - Other,No,Y,3,,Same as the national average,,Above the national average,,Below the national average,,Above the national average,,Same as the national average,,Not Available,16.0,Below the national average,
501317,COLUMBIA BASIN HOSPITAL,200 NAT WASHINGTON WAY,EPHRATA,WA,98823,GRANT,(509) 754-4631,H_COMP_1_A_P,"Patients who reported that their nurses ""Always"" communicated well","Nurses ""always"" communicated well",Not Applicable,,,1,,,1,,1,07/01/2018,06/30/2019,2020,Critical Access Hospitals,Government - Hospital District or Authority,Yes,,Not Available,16.0,Not Available,5.0,Not Available,16.0,Same as the national average,,Not Available,16.0,Not Available,5.0,Above the national average,,Not Available,5.0
050503,SCRIPPS MEMORIAL HOSPITAL - ENCINITAS,354 SANTA FE DRIVE,ENCINITAS,CA,92024,SAN DIEGO,(760) 753-6501,H_COMP_3_U_P,"Patients who reported that they ""Usually"" received help as soon as they wanted","Patients ""usually"" received help as soon as they wanted",Not Applicable,,30.0,,,2192.0,,25.0,,07/01/2018,06/30/2019,2020,Acute Care Hospitals,Voluntary non-profit - Private,Yes,Y,4,,Same as the national average,,Below the national average,,Above the national average,,Same as the national average,,Same as the national average,,Below the national average,,Same as the national average,
140148,MEMORIAL MEDICAL CENTER,701 N FIRST ST,SPRINGFIELD,IL,62702,SANGAMON,(217) 788-3000,H_NURSE_RESPECT_U_P,"Patients who reported that their nurses ""Usually""  treated them with courtesy and respect","Nurses ""usually""  treated them with courtesy and  respect",Not Applicable,,12.0,,,1303.0,,22.0,,07/01/2018,06/30/2019,2020,Acute Care Hospitals,Voluntary non-profit - Private,Yes,Y,2,,Below the national average,,Same as the national average,,Below the national average,,Above the national average,,Same as the national average,,Below the national average,,Above the national average,
361301,COMMUNITY MEMORIAL HOSPITAL,208 N COLUMBUS ST,HICKSVILLE,OH,43526,DEFIANCE,(419) 542-6692,H_DOCTOR_EXPLAIN_A_P,"Patients who reported that their doctors ""Always"" explained things in a way they could understand","Doctors ""always"" explained things so they could understand",Not Applicable,,84.0,,,105.0,,28.0,,07/01/2018,06/30/2019,2020,Critical Access Hospitals,Government - Hospital District or Authority,Yes,,4,,Not Available,5.0,Not Available,5.0,Same as the national average,,Above the national average,,Not Available,5.0,Same as the national average,,Same as the national average,
351329,SANFORD HILLSBORO,12 THIRD STREET SE,HILLSBORO,ND,58045,TRAILL,(701) 636-3200,H_CT_PREFER_SA,"Patients who ""Strongly Agree"" that the staff took my preferences into account when determining my health care needs","Patients who ""Strongly Agree"" that staff took their preferences into account",Not Applicable,,,1.0,,30.0,10.0,37.0,10.0,07/01/2018,06/30/2019,2020,Critical Access Hospitals,Voluntary non-profit - Private,Yes,Y,Not Available,16.0,Not Available,16.0,Not Available,16.0,Not Available,5.0,Not Available,16.0,Not Available,16.0,Not Available,16.0,Not Available,16.0
340171,NOVANT HEALTH MATTHEWS MEDICAL CENTER,1500 MATTHEWS TWNSHP PRKWY BOX 3310,MATTHEWS,NC,28106,MECKLENBURG,(704) 384-6500,H_DISCH_HELP_Y_P,"Patients who reported that YES, they did discuss whether they would need help after discharge","Yes, staff ""did"" give patients information about help after discharge",Not Applicable,,81.0,,,531.0,,21.0,,07/01/2018,06/30/2019,2020,Acute Care Hospitals,Voluntary non-profit - Other,Yes,Y,5,,Above the national average,,Above the national average,,Above the national average,,Same as the national average,,Same as the national average,,Same as the national average,,Same as the national average,
061320,GUNNISON VALLEY HOSPITAL,711 NORTH TAYLOR STREET,GUNNISON,CO,81230,GUNNISON,(970) 641-1456,H_DOCTOR_LISTEN_SN_P,"Patients who reported that their doctors ""Sometimes"" or ""Never"" listened carefully to them","Doctors ""sometimes"" or ""never"" listened carefully",Not Applicable,,2.0,,,128.0,,30.0,,07/01/2018,06/30/2019,2020,Critical Access Hospitals,Government - Local,Yes,Y,Not Available,16.0,Not Available,5.0,Not Available,5.0,Same as the national average,,Above the national average,,Not Available,16.0,Not Available,5.0,Not Available,5.0
110164,"COLISEUM MEDICAL CENTERS, LLC, DBA",350 HOSPITAL DRIVE,MACON,GA,31217,BIBB,(478) 765-7000,H_NURSE_LISTEN_SN_P,"Patients who reported that their nurses ""Sometimes"" or ""Never"" listened carefully to them","Nurses ""sometimes"" or ""never"" listened carefully",Not Applicable,,8.0,,,1488.0,,18.0,,07/01/2018,06/30/2019,2020,Acute Care Hospitals,Voluntary non-profit - Private,Yes,Y,3,,Same as the national average,,Above the national average,,Below the national average,,Below the national average,,Same as the national average,,Below the national average,,Same as the national average,
030071,FORT DEFIANCE INDIAN HOSPITAL,PO BOX 649,FORT DEFIANCE,AZ,86504,APACHE,(928) 729-8000,H_HSP_RATING_LINEAR_SCORE,Overall hospital rating - linear mean score,Overall hospital rating - linear mean score,Not Applicable,,,,87.0,124.0,"3, 11",10.0,"3, 11",07/01/2018,06/30/2019,2020,Acute Care Hospitals,Government - Federal,Yes,,3,17.0,Same as the national average,,Not Available,5.0,Below the national average,,Same as the national average,,Below the national average,,Not Available,5.0,Not Available,16.0
510055,CABELL HUNTINGTON HOSPITAL INC,1340 HAL GREER BOULEVARD,HUNTINGTON,WV,25701,CABELL,(304) 526-2192,H_COMP_6_STAR_RATING,Discharge information - star rating,Discharge information - star rating,3,,,,,1056.0,,18.0,,07/01/2018,06/30/2019,2020,Acute Care Hospitals,Voluntary non-profit - Private,Yes,Y,2,,Same as the national average,,Below the national average,,Below the national average,,Same as the national average,,Same as the national average,,Below the national average,,Same as the national average,
370008,NORMAN REGIONAL,901 N PORTER,NORMAN,OK,73070,CLEVELAND,(405) 307-1050,H_SIDE_EFFECTS_U_P,"Patients who reported that when receiving new medication the staff ""Usually"" discussed possible side effects","Staff ""usually"" explained possible side effects",Not Applicable,,23.0,11,,417.0,11,22.0,11,07/01/2018,06/30/2019,2020,Acute Care Hospitals,Government - Hospital District or Authority,Yes,Y,3,,Below the national average,,Below the national average,,Above the national average,,Same as the national average,,Above the national average,,Same as the national average,,Same as the national average,
051327,SENECA DISTRICT HOSPITAL,130 BRENTWOOD DRIVE,CHESTER,CA,96020,PLUMAS,(530) 258-2121,H_COMP_5_STAR_RATING,Communication about medicines - star rating,Communication about medicines - star rating,Not Available,15.0,,,,,1.0,,1.0,07/01/2018,06/30/2019,2020,Critical Access Hospitals,Voluntary non-profit - Other,Yes,,Not Available,16.0,Not Available,5.0,Not Available,16.0,Not Available,5.0,Not Available,16.0,Not Available,5.0,Not Available,5.0,Not Available,5.0
050537,SUTTER DAVIS HOSPITAL,2000 SUTTER PLACE,DAVIS,CA,95616,YOLO,(530) 756-6440,H_CT_UNDER_SA,"Patients who ""Strongly Agree"" that they understood their responsiblities in managing their health","Patients who ""Strongly Agree"" they understood their responsiblities when they left the hospital",Not Applicable,,55.0,,,657.0,,22.0,,07/01/2018,06/30/2019,2020,Acute Care Hospitals,Voluntary non-profit - Private,Yes,Y,5,,Same as the national average,,Above the national average,,Above the national average,,Above the national average,,Same as the national average,,Same as the national average,,Same as the national average,
450042,PROVIDENCE HEALTH CENTER,6901 MEDICAL PARKWAY,WACO,TX,76712,MC LENNAN,(254) 751-4000,H_DOCTOR_EXPLAIN_A_P,"Patients who reported that their doctors ""Always"" explained things in a way they could understand","Doctors ""always"" explained things so they could understand",Not Applicable,,79.0,,,2058.0,,33.0,,07/01/2018,06/30/2019,2020,Acute Care Hospitals,Voluntary non-profit - Private,Yes,Y,3,,Below the national average,,Below the national average,,Above the national average,,Above the national average,,Same as the national average,,Same as the national average,,Same as the national average,
501339,WHIDBEYHEALTH MEDICAL CENTER,101 NORTH MAIN STREET,COUPEVILLE,WA,98239,ISLAND,(360) 678-5151,H_COMP_1_STAR_RATING,Nurse communication - star rating,Nurse communication - star rating,4,,,,,264.0,,24.0,,07/01/2018,06/30/2019,2020,Critical Access Hospitals,Government - Hospital District or Authority,Yes,Y,3,,Same as the national average,,Not Available,5.0,Below the national average,,Same as the national average,,Same as the national average,,Same as the national average,,Same as the national average,
223302,BOSTON CHILDREN'S HOSPITAL,300 LONGWOOD AVENUE,BOSTON,MA,2115,SUFFOLK,(617) 735-6000,H_DISCH_HELP_Y_P,"Patients who reported that YES, they did discuss whether they would need help after discharge","Yes, staff ""did"" give patients information about help after discharge",Not Applicable,,,5.0,,,5.0,,5.0,07/01/2018,06/30/2019,2020,Childrens,Voluntary non-profit - Private,Yes,,Not Available,5.0,Not Available,5.0,Not Available,5.0,Not Available,5.0,Not Available,5.0,Not Available,5.0,Not Available,5.0,Not Available,5.0
520103,COMMUNITY MEMORIAL HOSPITAL,W180 N8085 TOWN HALL RD,MENOMONEE FALLS,WI,53051,WAUKESHA,(262) 251-1000,H_COMP_7_D_SD,"Patients who ""Disagree"" or ""Strongly Disagree"" they understood their care when they left the hospital","Patients who ""Disagree"" or ""Strongly Disagree"" they understood their care when they left the hospital",Not Applicable,,4.0,,,1939.0,,34.0,,07/01/2018,06/30/2019,2020,Acute Care Hospitals,Voluntary non-profit - Private,Yes,Y,5,,Above the national average,,Above the national average,,Above the national average,,Above the national average,,Same as the national average,,Same as the national average,,Above the national average,
393307,ST CHRISTOPHER'S HOSPITAL FOR CHILDREN,160 EAST ERIE AVE,PHILADELPHIA,PA,19134,PHILADELPHIA,(215) 427-5000,H_SIDE_EFFECTS_U_P,"Patients who reported that when receiving new medication the staff ""Usually"" discussed possible side effects","Staff ""usually"" explained possible side effects",Not Applicable,,,19.0,,,19.0,,19.0,07/01/2018,06/30/2019,2020,Childrens,Proprietary,Yes,,Not Available,19.0,Not Available,19.0,Not Available,19.0,Not Available,19.0,Not Available,19.0,Not Available,19.0,Not Available,19.0,Not Available,19.0
360132,FORT HAMILTON HUGHES MEMORIAL HOSPITAL,630 EATON AVENUE,HAMILTON,OH,45013,BUTLER,(513) 867-2000,H_CT_UNDER_SA,"Patients who ""Strongly Agree"" that they understood their responsiblities in managing their health","Patients who ""Strongly Agree"" they understood their responsiblities when they left the hospital",Not Applicable,,54.0,,,564.0,,17.0,,07/01/2018,06/30/2019,2020,Acute Care Hospitals,Voluntary non-profit - Private,Yes,Y,4,,Same as the national average,,Same as the national average,,Above the national average,,Same as the national average,,Same as the national average,,Above the national average,,Same as the national average,
171372,SCOTT COUNTY HOSPITAL,201 ALBERT AVENUE,SCOTT CITY,KS,67871,SCOTT,(620) 872-5811,H_BATH_HELP_SN_P,"Patients who reported that they ""Sometimes"" or ""Never"" received bathroom help as soon as they wanted","Patients ""sometimes"" or ""never"" received bathroom help as soon as they wanted",Not Applicable,,,1.0,,48.0,10.0,25.0,10.0,07/01/2018,06/30/2019,2020,Critical Access Hospitals,Voluntary non-profit - Private,Yes,Y,4,,Same as the national average,,Not Available,16.0,Same as the national average,,Not Available,16.0,Not Available,5.0,Above the national average,,Same as the national average,
361311,HARRISON COMMUNITY HOSPITAL,951 EAST MARKET STREET,CADIZ,OH,43907,HARRISON,(740) 942-4631,H_COMP_5_A_P,"Patients who reported that staff ""Always"" explained about medicines before giving it to them","Staff ""always"" explained",Not Applicable,,,1,,,1,,1,07/01/2018,06/30/2019,2020,Critical Access Hospitals,Voluntary non-profit - Private,Yes,,Not Available,16.0,Not Available,5.0,Not Available,16.0,Not Available,5.0,Not Available,16.0,Not Available,5.0,Same as the national average,,Not Available,5.0
140007,PRESENCE SAINT JOSEPH MEDICAL CENTER,333 N MADISON ST,JOLIET,IL,60435,WILL,(815) 725-7133,H_RECMND_DN,"Patients who reported NO, they would probably not or definitely not recommend the hospital","""NO"", patients would not recommend the hospital (they probably would not or definitely would not recommend it)",Not Applicable,,5.0,,,307.0,,25.0,,07/01/2018,06/30/2019,2020,Acute Care Hospitals,Voluntary non-profit - Church,Yes,Y,3,,Same as the national average,,Above the national average,,Below the national average,,Below the national average,,Below the national average,,Below the national average,,Same as the national average,
290005,NORTH VISTA HOSPITAL,1409 EAST LAKE MEAD BLVD,NORTH LAS VEGAS,NV,89030,CLARK,(702) 657-5504,H_BATH_HELP_U_P,"Patients who reported that they ""Usually"" received bathroom help as soon as they wanted","Patients ""usually"" received bathroom help as soon as they wanted",Not Applicable,,21.0,,,410.0,,24.0,,07/01/2018,06/30/2019,2020,Acute Care Hospitals,Voluntary non-profit - Private,Yes,Y,3,,Same as the national average,,Above the national average,,Below the national average,,Below the national average,,Same as the national average,,Below the national average,,Not Available,5.0
230264,SOUTHEAST MICHIGAN SURGICAL HOSPITAL LLC,21230 DEQUINDRE ROAD,WARREN,MI,48091,MACOMB,(586) 427-1000,H_NURSE_RESPECT_SN_P,"Patients who reported that their nurses ""Sometimes"" or ""Never""  treated them with courtesy and respect","Nurses ""sometimes"" or ""never"" treated them with courtesy and  respect",Not Applicable,,,1.0,,39.0,10.0,30.0,10.0,07/01/2018,06/30/2019,2020,Acute Care Hospitals,Voluntary non-profit - Private,No,Y,Not Available,16.0,Not Available,16.0,Not Available,5.0,Not Available,16.0,Not Available,16.0,Same as the national average,,Not Available,16.0,Not Available,16.0
210051,DOCTORS'  COMMUNITY HOSPITAL,8118 GOOD LUCK ROAD,LANHAM,MD,20706,PRINCE GEORGES,(301) 552-8118,H_COMP_7_STAR_RATING,Care transition - star rating,Care transition - star rating,1,,,,,404.0,,18.0,,07/01/2018,06/30/2019,2020,Acute Care Hospitals,Proprietary,Yes,Y,3,,Above the national average,,Same as the national average,,Above the national average,,Below the national average,,Below the national average,,Below the national average,,Below the national average,
450639,TEXAS HEALTH HARRIS METHODIST HURST-EULESS-BEDFORD,1600 HOSPITAL PARKWAY,BEDFORD,TX,76022,TARRANT,(817) 848-4000,H_NURSE_EXPLAIN_U_P,"Patients who reported that their nurses ""Usually"" explained things in a way they could understand","Nurses ""usually"" explained things so they could understand",Not Applicable,,25.0,,,476.0,,18.0,,07/01/2018,06/30/2019,2020,Acute Care Hospitals,Voluntary non-profit - Private,Yes,Y,3,,Same as the national average,,Same as the national average,,Above the national average,,Same as the national average,,Same as the national average,,Same as the national average,,Same as the national average,
670008,HOUSTON PHYSICIANS' HOSPITAL,333 N TEXAS AVENUE,WEBSTER,TX,77598,HARRIS,(281) 335-1700,H_COMP_5_STAR_RATING,Communication about medicines - star rating,Communication about medicines - star rating,5,,,,,286.0,,41.0,,07/01/2018,06/30/2019,2020,Acute Care Hospitals,Physician,Yes,Y,Not Available,16.0,Not Available,16.0,Not Available,5.0,Not Available,5.0,Above the national average,,Not Available,5.0,Same as the national average,,Not Available,5.0
140116,NORTHWESTERN MEDICINE MCHENRY HOSPITAL,4201 MEDICAL CENTER DRIVE,MCHENRY,IL,60050,MC HENRY,(815) 344-5000,H_CALL_BUTTON_A_P,"Patients who reported that they ""Always"" received help after using the call button as soon as they wanted","Patients ""always"" received call button help as soon as they wanted",Not Applicable,,67.0,,,3369.0,,27.0,,07/01/2018,06/30/2019,2020,Acute Care Hospitals,Voluntary non-profit - Other,Yes,Y,5,,Above the national average,,Above the national average,,Above the national average,,Below the national average,,Same as the national average,,Below the national average,,Same as the national average,
010049,MEDICAL CENTER ENTERPRISE,400 N EDWARDS STREET,ENTERPRISE,AL,36330,COFFEE,(334) 347-0584,H_CT_PREFER_D_SD,"Patients who ""Disagree"" or ""Strongly Disagree"" that the staff took my preferences into account when determining my health care needs","Patients who ""Disagree"" or ""Strongly Disagree"" that staff took their preferences into account",Not Applicable,,9.0,,,464.0,,18.0,,07/01/2018,06/30/2019,2020,Acute Care Hospitals,Proprietary,Yes,Y,4,,Same as the national average,,Above the national average,,Same as the national average,,Same as the national average,,Same as the national average,,Above the national average,,Same as the national average,
050748,KAISER FOUNDATION HOSPITAL MANTECA,1777 WEST YOSEMITE AVE,MANTECA,CA,95337,SAN JOAQUIN,(209) 825-3700,H_HSP_RATING_7_8,Patients who gave their hospital a rating of 7 or 8 on a scale from 0 (lowest) to 10 (highest),"Patients who gave a rating of ""7"" or ""8"" (medium)",Not Applicable,,20.0,,,1839.0,,20.0,,07/01/2018,06/30/2019,2020,Acute Care Hospitals,Voluntary non-profit - Private,Yes,Y,4,17.0,Not Available,16.0,Same as the national average,,Not Available,5.0,Same as the national average,,Same as the national average,,Not Available,5.0,Not Available,16.0
050096,"WEST COVINA MEDICAL CENTER, INC",725 S ORANGE AVE,WEST COVINA,CA,91790,LOS ANGELES,(626) 338-8481,H_DOCTOR_LISTEN_A_P,"Patients who reported that their doctors ""Always"" listened carefully to them","Doctors ""always"" listened carefully",Not Applicable,,,1.0,,,1.0,,1.0,07/01/2018,06/30/2019,2020,Acute Care Hospitals,Proprietary,No,Y,Not Available,16.0,Not Available,5.0,Not Available,5.0,Above the national average,,Not Available,16.0,Not Available,5.0,Not Available,16.0,Not Available,16.0
200009,MAINE MEDICAL CENTER,22 BRAMHALL ST,PORTLAND,ME,4102,CUMBERLAND,(207) 662-0111,H_COMP_2_U_P,"Patients who reported that their doctors ""Usually"" communicated well","Doctors ""usually"" communicated well",Not Applicable,,14.0,,,868.0,,30.0,,07/01/2018,06/30/2019,2020,Acute Care Hospitals,Voluntary non-profit - Private,Yes,Y,4,,Below the national average,,Above the national average,,Above the national average,,Above the national average,,Same as the national average,,Below the national average,,Above the national average,
140033,LAKE BEHAVIORAL HOSPITAL,2615 W WASHINGTON ST,WAUKEGAN,IL,60085,LAKE,(847) 249-3900,H_NURSE_RESPECT_U_P,"Patients who reported that their nurses ""Usually""  treated them with courtesy and respect","Nurses ""usually""  treated them with courtesy and  respect",Not Applicable,,,5,,,5,,5,07/01/2018,06/30/2019,2020,Acute Care Hospitals,Proprietary,Yes,,Not Available,16.0,Not Available,16.0,Not Available,5.0,Not Available,16.0,Not Available,16.0,Not Available,5.0,Not Available,5.0,Not Available,16.0
110125,FAIRVIEW PARK HOSPITAL,200 INDUSTRIAL BOULEVARD,DUBLIN,GA,31021,LAURENS,(478) 274-3100,H_COMP_7_LINEAR_SCORE,Care transition - linear mean score,Care transition - linear mean score,Not Applicable,,,,82.0,903.0,,16.0,,07/01/2018,06/30/2019,2020,Acute Care Hospitals,Proprietary,Yes,Y,4,,Same as the national average,,Above the national average,,Above the national average,,Same as the national average,,Same as the national average,,Above the national average,,Same as the national average,
200019,SOUTHERN MAINE HEALTH CARE,1 MEDICAL CENTER DRIVE,BIDDEFORD,ME,4005,YORK,(207) 283-7000,H_COMP_7_A,"Patients who ""Agree"" they understood their care when they left the hospital","Patients who ""Agree"" they understood their care when they left the hospital",Not Applicable,,43.0,,,921.0,,26.0,,07/01/2018,06/30/2019,2020,Acute Care Hospitals,Voluntary non-profit - Private,Yes,Y,3,,Below the national average,,Same as the national average,,Above the national average,,Below the national average,,Same as the national average,,Same as the national average,,Same as the national average,
390223,PENN PRESBYTERIAN MEDICAL CENTER,51 NORTH 39TH STREET,PHILADELPHIA,PA,19104,PHILADELPHIA,(215) 662-8000,H_COMP_6_Y_P,"Patients who reported that YES, they were given information about what to do during their recovery at home","Yes, staff ""did"" give patients this information",Not Applicable,,90.0,,,624.0,,24.0,,07/01/2018,06/30/2019,2020,Acute Care Hospitals,Voluntary non-profit - Other,Yes,Y,4,,Same as the national average,,Above the national average,,Same as the national average,,Above the national average,,Same as the national average,,Below the national average,,Same as the national average,
100087,SARASOTA MEMORIAL HOSPITAL,1700 S TAMIAMI TRL,SARASOTA,FL,34239,SARASOTA,(941) 917-9000,H_CT_UNDER_A,"Patients who ""Agree"" that they understood their responsiblities in managing their health","Patients who ""Agree"" they understood their responsiblities when they left the hospital",Not Applicable,,41.0,,,5602.0,,34.0,,07/01/2018,06/30/2019,2020,Acute Care Hospitals,Government - Hospital District or Authority,Yes,Y,5,,Same as the national average,,Above the national average,,Above the national average,,Above the national average,,Same as the national average,,Same as the national average,,Same as the national average,
451301,REAGAN MEMORIAL HOSPITAL,1300 N MAIN AVENUE,BIG LAKE,TX,76932,REAGAN,(325) 844-2561,H_COMP_3_A_P,"Patients who reported that they ""Always"" received help as soon as they wanted","Patients ""always"" received help as soon as they wanted",Not Applicable,,,5,,,5,,5,07/01/2018,06/30/2019,2020,Critical Access Hospitals,Government - Hospital District or Authority,Yes,,Not Available,16.0,Not Available,16.0,Not Available,16.0,Not Available,16.0,Not Available,16.0,Not Available,16.0,Not Available,16.0,Not Available,16.0
050390,HEMET VALLEY MEDICAL CENTER,1117 EAST DEVONSHIRE,HEMET,CA,92543,RIVERSIDE,(951) 652-2811,H_NURSE_EXPLAIN_U_P,"Patients who reported that their nurses ""Usually"" explained things in a way they could understand","Nurses ""usually"" explained things so they could understand",Not Applicable,,24.0,,,617.0,,16.0,,07/01/2018,06/30/2019,2020,Acute Care Hospitals,Physician,Yes,Y,1,,Below the national average,,Same as the national average,,Below the national average,,Below the national average,,Same as the national average,,Below the national average,,Below the national average,
291302,WILLIAM BEE RIRIE HOSPITAL,1500 AVENUE H,ELY,NV,89301,WHITE PINE,(775) 289-3001,H_CT_MED_A,"Patients who ""Agree"" that they understood the purposes of their medications when leaving the hospital","Patients who ""Agree"" they understood their medications when they left the hospital",Not Applicable,,49.0,6.0,,65.0,6.0,18.0,6.0,07/01/2018,06/30/2019,2020,Critical Access Hospitals,Government - Hospital District or Authority,Yes,,Not Available,16.0,Same as the national average,,Not Available,16.0,Same as the national average,,Not Available,16.0,Not Available,5.0,Not Available,16.0,Not Available,5.0
210049,UMD UPPER CHESAPEAKE MEDICAL CENTER,500 UPPER CHESAPEAKE DRIVE,BEL AIR,MD,21014,HARFORD,(443) 643-3303,H_BATH_HELP_U_P,"Patients who reported that they ""Usually"" received bathroom help as soon as they wanted","Patients ""usually"" received bathroom help as soon as they wanted",Not Applicable,,28.0,,,575.0,,24.0,,07/01/2018,06/30/2019,2020,Acute Care Hospitals,Voluntary non-profit - Other,Yes,Y,4,,Below the national average,,Above the national average,,Above the national average,,Same as the national average,,Same as the national average,,Below the national average,,Above the national average,
171378,KINGMAN COMMUNITY HOSPITAL,750 W AVE D,KINGMAN,KS,67068,KINGMAN,(620) 532-3147,H_NURSE_RESPECT_SN_P,"Patients who reported that their nurses ""Sometimes"" or ""Never""  treated them with courtesy and respect","Nurses ""sometimes"" or ""never"" treated them with courtesy and  respect",Not Applicable,,1.0,6.0,,96.0,6.0,34.0,6.0,07/01/2018,06/30/2019,2020,Critical Access Hospitals,Voluntary non-profit - Private,Yes,,4,,Not Available,5.0,Not Available,16.0,Above the national average,,Not Available,16.0,Not Available,5.0,Above the national average,,Same as the national average,
051303,MAMMOTH HOSPITAL,85 SIERRA PARK ROAD PO BOX 660,MAMMOTH LAKES,CA,93546,MONO,(760) 934-3311,H_COMP_3_SN_P,"Patients who reported that they ""Sometimes"" or ""Never"" received help as soon as they wanted","Patients ""sometimes"" or ""never"" received help as soon as they wanted",Not Applicable,,5.0,,,174.0,,29.0,,07/01/2018,06/30/2019,2020,Critical Access Hospitals,Government - Hospital District or Authority,Yes,Y,Not Available,16.0,Not Available,16.0,Not Available,5.0,Not Available,5.0,Above the national average,,Not Available,16.0,Same as the national average,,Not Available,5.0
310110,ROBERT WOOD JOHNSON UNIVERSITY HOSPITAL AT HAMILTON,ONE HAMILTON HEALTH PLACE,HAMILTON,NJ,8690,MERCER,(609) 586-7900,H_CLEAN_HSP_A_P,"Patients who reported that their room and bathroom were ""Always"" clean","Room was ""always"" clean",Not Applicable,,66.0,,,380.0,,25.0,,07/01/2018,06/30/2019,2020,Acute Care Hospitals,Voluntary non-profit - Private,Yes,Y,4,,Same as the national average,,Same as the national average,,Above the national average,,Same as the national average,,Same as the national average,,Below the national average,,Same as the national average,
360189,MADISON HEALTH,210 NORTH MAIN STREET,LONDON,OH,43140,MADISON,(740) 845-7000,H_MED_FOR_U_P,"Patients who reported that when receiving new medication the staff ""Usually"" communicated what the medication was for.","Staff ""usually"" explained new medications",Not Applicable,,9.0,,,188.0,,20.0,,07/01/2018,06/30/2019,2020,Acute Care Hospitals,Voluntary non-profit - Private,Yes,Y,3,,Same as the national average,,Not Available,5.0,Same as the national average,,Same as the national average,,Same as the national average,,Above the national average,,Not Available,5.0
291302,WILLIAM BEE RIRIE HOSPITAL,1500 AVENUE H,ELY,NV,89301,WHITE PINE,(775) 289-3001,H_RECMND_PY,"Patients who reported YES, they would probably recommend the hospital","""YES"", patients would probably recommend the hospital",Not Applicable,,34.0,6.0,,65.0,6.0,18.0,6.0,07/01/2018,06/30/2019,2020,Critical Access Hospitals,Government - Hospital District or Authority,Yes,,Not Available,16.0,Same as the national average,,Not Available,16.0,Same as the national average,,Not Available,16.0,Not Available,5.0,Not Available,16.0,Not Available,5.0
450856,SOUTH TEXAS SPINE AND SURGICAL HOSPITAL,18600 NORTH HARDY OAK BLVD,SAN ANTONIO,TX,78258,BEXAR,(210) 404-0800,H_COMP_2_A_P,"Patients who reported that their doctors ""Always"" communicated well","Doctors ""always"" communicated well",Not Applicable,,88.0,,,617.0,,43.0,,07/01/2018,06/30/2019,2020,Acute Care Hospitals,Government - Hospital District or Authority,Yes,Y,Not Available,16.0,Not Available,16.0,Not Available,5.0,Not Available,5.0,Above the national average,,Not Available,5.0,Not Available,5.0,Not Available,16.0
281350,JOHNSON COUNTY HOSPITAL,202 HIGH ST,TECUMSEH,NE,68450,JOHNSON,(402) 335-3361,H_COMP_7_STAR_RATING,Care transition - star rating,Care transition - star rating,Not Available,15.0,,,,57.0,6,46.0,6,07/01/2018,06/30/2019,2020,Critical Access Hospitals,Government - Local,Yes,Y,Not Available,16.0,Not Available,5.0,Not Available,16.0,Not Available,5.0,Not Available,16.0,Not Available,5.0,Above the national average,,Not Available,5.0
070028,ST. VINCENT'S MEDICAL CENTER,2800 MAIN ST,BRIDGEPORT,CT,6606,FAIRFIELD,(203) 576-5551,H_COMP_5_LINEAR_SCORE,Communication about medicines - linear mean score,Communication about medicines - linear mean score,Not Applicable,,,,75.0,1713.0,,27.0,,07/01/2018,06/30/2019,2020,Acute Care Hospitals,Voluntary non-profit - Church,Yes,Y,2,,Same as the national average,,Below the national average,,Above the national average,,Below the national average,,Same as the national average,,Below the national average,,Same as the national average,
231303,SCHOOLCRAFT MEMORIAL HOSPITAL,7870W US HIGHWAY 2,MANISTIQUE,MI,49854,SCHOOLCRAFT,(906) 341-3200,H_CALL_BUTTON_SN_P,"Patients who reported that they ""Sometimes"" or ""Never"" received help after using the call button as soon as they wanted","Patients ""sometimes"" or ""never"" received call button help as soon as they wanted",Not Applicable,,4.0,,,109.0,,39.0,,07/01/2018,06/30/2019,2020,Critical Access Hospitals,Government - Local,Yes,,4,,Not Available,5.0,Not Available,5.0,Same as the national average,,Above the national average,,Not Available,5.0,Same as the national average,,Same as the national average,
171359,GREELEY COUNTY HEALTH SERVICES,506 3RD STREET,TRIBUNE,KS,67879,GREELEY,(620) 376-4221,H_CT_MED_SA,"Patients who ""Strongly Agree"" that they understood the purposes of their medications when leaving the hospital","Patients who ""Strongly Agree"" they understood their medications when they left the hospital",Not Applicable,,,1.0,,,1.0,,1.0,07/01/2018,06/30/2019,2020,Critical Access Hospitals,Government - Local,Yes,Y,Not Available,16.0,Not Available,5.0,Not Available,16.0,Above the national average,,Not Available,16.0,Not Available,5.0,Above the national average,,Not Available,16.0
300014,FRISBIE MEMORIAL HOSPITAL,11 WHITEHALL ROAD,ROCHESTER,NH,3867,STRAFFORD,(603) 332-5211,H_DOCTOR_RESPECT_SN_P,"Patients who reported that their doctors ""Sometimes"" or ""Never""  treated them with courtesy and respect","Doctors ""sometimes"" or ""never"" treated them with courtesy and  respect",Not Applicable,,2.0,,,366.0,,22.0,,07/01/2018,06/30/2019,2020,Acute Care Hospitals,Voluntary non-profit - Private,Yes,Y,3,,Same as the national average,,Below the national average,,Below the national average,,Above the national average,,Same as the national average,,Same as the national average,,Same as the national average,
441301,TROUSDALE MEDICAL CENTER,500 CHURCH STREET,HARTSVILLE,TN,37074,TROUSDALE,(615) 374-2221,H_RECMND_STAR_RATING,Recommend hospital - star rating,Recommend hospital - star rating,Not Available,15.0,,,,37.0,10.0,26.0,10.0,07/01/2018,06/30/2019,2020,Critical Access Hospitals,Voluntary non-profit - Other,Yes,Y,4,,Not Available,5.0,Not Available,16.0,Same as the national average,,Not Available,16.0,Same as the national average,,Above the national average,,Not Available,5.0
180116,JACKSON PURCHASE MEDICAL CENTER,1099 MEDICAL CENTER CIRCLE,MAYFIELD,KY,42066,GRAVES,(270) 251-4585,H_CT_UNDER_A,"Patients who ""Agree"" that they understood their responsiblities in managing their health","Patients who ""Agree"" they understood their responsiblities when they left the hospital",Not Applicable,,44.0,,,384.0,,21.0,,07/01/2018,06/30/2019,2020,Acute Care Hospitals,Government - Hospital District or Authority,Yes,Y,3,,Same as the national average,,Above the national average,,Below the national average,,Same as the national average,,Same as the national average,,Above the national average,,Same as the national average,
240014,NORTHFIELD HOSPITAL,2000 NORTH AVENUE,NORTHFIELD,MN,55057,RICE,(507) 646-1001,H_QUIET_LINEAR_SCORE,Quietness - linear mean score,Quietness - linear mean score,Not Applicable,,,,86.0,537.0,,37.0,,07/01/2018,06/30/2019,2020,Acute Care Hospitals,Government - Local,Yes,Y,4,,Not Available,5.0,Same as the national average,,Same as the national average,,Above the national average,,Same as the national average,,Above the national average,,Not Available,5.0
400132,DOCTOR CENTER HOSPITAL SAN FERNANDO DE LA CAROLINA,EDIF JESUS T PINEIRO AVE FERNANDEZ JUNCOS BO PUEBL,CAROLINA,PR,979,SAN JUAN,(787) 725-6038,H_SIDE_EFFECTS_SN_P,"Patients who reported that when receiving new medication the staff ""Sometimes"" or ""Never"" discussed possible side effects","Staff ""sometimes"" or ""never"" explained possible side effects",Not Applicable,,,5.0,,,5.0,,5.0,07/01/2018,06/30/2019,2020,Acute Care Hospitals,Government - State,Yes,,Not Available,16.0,Not Available,16.0,Not Available,16.0,Not Available,16.0,Not Available,16.0,Not Available,16.0,Not Available,16.0,Not Available,16.0
440029,WILLIAMSON MEDICAL CENTER,4321 CAROTHERS PARKWAY,FRANKLIN,TN,37067,WILLIAMSON,(615) 435-5000,H_CALL_BUTTON_A_P,"Patients who reported that they ""Always"" received help after using the call button as soon as they wanted","Patients ""always"" received call button help as soon as they wanted",Not Applicable,,68.0,,,671.0,,31.0,,07/01/2018,06/30/2019,2020,Acute Care Hospitals,Government - Hospital District or Authority,Yes,Y,4,,Same as the national average,,Above the national average,,Above the national average,,Above the national average,,Same as the national average,,Same as the national average,,Same as the national average,
140224,PRESENCE SAINT JOSEPH HOSPITAL - CHICAGO,2900 NORTH LAKE SHORE DRIVE,CHICAGO,IL,60657,COOK,(773) 665-3000,H_COMP_5_U_P,"Patients who reported that staff ""Usually"" explained about medicines before giving it to them","Staff ""usually"" explained",Not Applicable,,19.0,,,324.0,,21.0,,07/01/2018,06/30/2019,2020,Acute Care Hospitals,Voluntary non-profit - Church,Yes,Y,3,,Above the national average,,Above the national average,,Below the national average,,Below the national average,,Same as the national average,,Same as the national average,,Same as the national average,
301306,FRANKLIN REGIONAL HOSPITAL,15 AIKEN AVENUE,FRANKLIN,NH,3235,MERRIMACK,(603) 934-2060,H_BATH_HELP_U_P,"Patients who reported that they ""Usually"" received bathroom help as soon as they wanted","Patients ""usually"" received bathroom help as soon as they wanted",Not Applicable,,,1.0,,40.0,10.0,15.0,10.0,07/01/2018,06/30/2019,2020,Critical Access Hospitals,Voluntary non-profit - Private,Yes,Y,3,,Same as the national average,,Not Available,5.0,Same as the national average,,Not Available,16.0,Same as the national average,,Same as the national average,,Same as the national average,
280105,CHI HEALTH MIDLANDS,11111 SOUTH 84TH ST,PAPILLION,NE,68046,SARPY,(402) 593-3000,H_QUIET_HSP_U_P,"Patients who reported that the area around their room was ""Usually"" quiet at night","""Usually"" quiet at night",Not Applicable,,17.0,,,158.0,,32.0,,07/01/2018,06/30/2019,2020,Acute Care Hospitals,Voluntary non-profit - Church,Yes,Y,5,,Same as the national average,,Above the national average,,Above the national average,,Above the national average,,Same as the national average,,Above the national average,,Same as the national average,
050242,DOMINICAN HOSPITAL,1555 SOQUEL DRIVE,SANTA CRUZ,CA,95065,SANTA CRUZ,(831) 462-7700,H_COMP_1_A_P,"Patients who reported that their nurses ""Always"" communicated well","Nurses ""always"" communicated well",Not Applicable,,78.0,,,1589.0,,23.0,,07/01/2018,06/30/2019,2020,Acute Care Hospitals,Proprietary,Yes,Y,4,,Same as the national average,,Same as the national average,,Above the national average,,Below the national average,,Same as the national average,,Below the national average,,Same as the national average,
141322,ABRAHAM LINCOLN MEMORIAL HOSPITAL,200 STAHLHUT DRIVE,LINCOLN,IL,62656,LOGAN,(217) 732-2161,H_NURSE_EXPLAIN_SN_P,"Patients who reported that their nurses ""Sometimes"" or ""Never"" explained things in a way they could understand","Nurses ""sometimes"" or ""never"" explained things so they could understand",Not Applicable,,2.0,,,108.0,,21.0,,07/01/2018,06/30/2019,2020,Critical Access Hospitals,Voluntary non-profit - Private,Yes,Y,4,,Same as the national average,,Same as the national average,,Above the national average,,Same as the national average,,Same as the national average,,Same as the national average,,Same as the national average,
140208,ADVOCATE CHRIST HOSPITAL & MEDICAL CENTER,4440 W 95TH STREET,OAK LAWN,IL,60453,COOK,(708) 684-8000,H_CT_MED_A,"Patients who ""Agree"" that they understood the purposes of their medications when leaving the hospital","Patients who ""Agree"" they understood their medications when they left the hospital",Not Applicable,,36.0,,,2716.0,,19.0,,07/01/2018,06/30/2019,2020,Acute Care Hospitals,Voluntary non-profit - Church,Yes,Y,2,,Above the national average,,Below the national average,,Below the national average,,Below the national average,,Same as the national average,,Below the national average,,Same as the national average,
390012,ABINGTON HEALTH LANSDALE HOSPITAL,100 MEDICAL CAMPUS DRIVE,LANSDALE,PA,19446,MONTGOMERY,(215) 368-2100,H_CLEAN_HSP_A_P,"Patients who reported that their room and bathroom were ""Always"" clean","Room was ""always"" clean",Not Applicable,,72.0,,,572.0,,32.0,,07/01/2018,06/30/2019,2020,Acute Care Hospitals,Voluntary non-profit - Other,Yes,Y,4,,Same as the national average,,Above the national average,,Same as the national average,,Same as the national average,,Same as the national average,,Same as the national average,,Same as the national average,
360090,ST LUKE'S HOSPITAL,5901 MONCLOVA ROAD,MAUMEE,OH,43537,LUCAS,(419) 893-5900,H_COMP_2_SN_P,"Patients who reported that their doctors ""Sometimes"" or ""Never"" communicated well","Doctors ""sometimes"" or ""never"" communicated well",Not Applicable,,4.0,,,1122.0,,34.0,,07/01/2018,06/30/2019,2020,Acute Care Hospitals,Voluntary non-profit - Other,Yes,Y,3,,Below the national average,,Above the national average,,Above the national average,,Same as the national average,,Same as the national average,,Same as the national average,,Same as the national average,
100167,PLANTATION GENERAL HOSPITAL,401 NW 42ND AVE,PLANTATION,FL,33317,BROWARD,(954) 587-5010,H_COMP_1_SN_P,"Patients who reported that their nurses ""Sometimes"" or ""Never"" communicated well","Nurses ""sometimes"" or ""never"" communicated well",Not Applicable,,7.0,,,1799.0,,14.0,,07/01/2018,06/30/2019,2020,Acute Care Hospitals,Voluntary non-profit - Private,Yes,Y,2,,Above the national average,,Below the national average,,Below the national average,,Below the national average,,Above the national average,,Same as the national average,,Same as the national average,
190025,SAVOY MEDICAL CENTER,801 POINCIANA AVENUE,MAMOU,LA,70554,EVANGELINE,(337) 468-5261,H_DOCTOR_RESPECT_U_P,"Patients who reported that their doctors ""Usually""  treated them with courtesy and respect","Doctors ""usually""  treated them with courtesy and  respect",Not Applicable,,5.0,,,117.0,,20.0,,07/01/2018,06/30/2019,2020,Acute Care Hospitals,Voluntary non-profit - Other,Yes,Y,2,,Same as the national average,,Not Available,5.0,Same as the national average,,Not Available,16.0,Same as the national average,,Above the national average,,Not Available,5.0
030089,BANNER THUNDERBIRD MEDICAL CENTER,5555 WEST THUNDERBIRD ROAD,GLENDALE,AZ,85306,MARICOPA,(602) 865-4470,H_DOCTOR_RESPECT_U_P,"Patients who reported that their doctors ""Usually""  treated them with courtesy and respect","Doctors ""usually""  treated them with courtesy and  respect",Not Applicable,,14.0,,,543.0,,25.0,,07/01/2018,06/30/2019,2020,Acute Care Hospitals,Government - Hospital District or Authority,Yes,Y,2,,Same as the national average,,Below the national average,,Above the national average,,Below the national average,,Same as the national average,,Below the national average,,Above the national average,
450104,GUADALUPE REGIONAL MEDICAL CENTER,1215 E COURT ST,SEGUIN,TX,78155,GUADALUPE,(830) 379-2411,H_DOCTOR_EXPLAIN_SN_P,"Patients who reported that their doctors ""Sometimes"" or ""Never"" explained things in a way they could understand","Doctors ""sometimes"" or ""never"" explained things so they could understand",Not Applicable,,4.0,,,312.0,,19.0,,07/01/2018,06/30/2019,2020,Acute Care Hospitals,Voluntary non-profit - Other,Yes,Y,2,,Same as the national average,,Below the national average,,Below the national average,,Above the national average,,Same as the national average,,Same as the national average,,Same as the national average,
